SNP,is_index_snp,index_snp,P,finemap_posterior_probability,differentially_accessible_cell_type,accessible_region,accessibility_log_fold_change,gene_symbol,ensembl_gene_classification,impact,distance,gene,chrom,start,end,extreme_pLI,brain_enriched_expression,neurodevelopmental_disorder,PsyOPS_score,mapped_cell_types,cell_type_with_highest_expression,highest_expression,expression_cell_type,expression
rs72986630,TRUE,rs72986630,2.774e-10,0.9904,Micro.PVM,chr19:11737999-11739638,1.02879952748526,ZNF823,protein_coding,5_prime_UTR_variant,257875,ELAVL3,chr19,11562141,11591861,False,True,True,0.4695806664846278,Micro.PVM,L4 IT,87,Micro.PVM,1.868
rs893949,FALSE,rs1440480,2.146e-11,0.6652,Oligo,chr11:134425458-134426742,1.74582703400708,-,-,intergenic_variant,274488,JAM3,chr11,133938966,134021896,False,True,False,0.1694351761521695,Oligo,Oligodendrocyte,507.803626943005,Oligo,507.803626943005
rs893949,FALSE,rs1440480,2.146e-11,0.6652,Oligo,chr11:134425458-134426742,1.74582703400708,-,-,intergenic_variant,14248,B3GAT1,chr11,134248398,134282136,False,True,False,0.1694351761521695,Oligo,VLMC,162,Oligo,93.8818652849741
rs2387414,TRUE,rs2387414,8.711e-10,0.6219,Oligo,chr19:50530814-50531981,1.43989376844628,LRRC4B,protein_coding,intron_variant,128269,SHANK1,chr19,51162512,51223059,True,True,True,0.7014802205837081,Oligo,L5 ET,52.0923076923077,Oligo,1.99222797927461
rs2387414,TRUE,rs2387414,8.711e-10,0.6219,Oligo,chr19:50530814-50531981,1.43989376844628,LRRC4B,protein_coding,intron_variant,112968,POLD1,chr19,50887461,50921275,False,False,True,0.26491443075335736,Oligo,VLMC,107.363636363636,Oligo,4.12538860103627
rs2387414,TRUE,rs2387414,8.711e-10,0.6219,Oligo,chr19:50530814-50531981,1.43989376844628,LRRC4B,protein_coding,intron_variant,427644,KLK6,chr19,51461887,51472929,False,True,False,0.19494751236972702,Oligo,Oligodendrocyte,354.633678756477,Oligo,354.633678756477
rs2387414,TRUE,rs2387414,8.711e-10,0.6219,Oligo,chr19:50530814-50531981,1.43989376844628,LRRC4B,protein_coding,intron_variant,0,LRRC4B,chr19,51020149,51071692,False,True,False,0.19494751236972702,Oligo,Astrocyte,20.4633529907329,Oligo,18.7813471502591
rs2387414,TRUE,rs2387414,8.711e-10,0.6219,Oligo,chr19:50530814-50531981,1.43989376844628,LRRC4B,protein_coding,intron_variant,16296,ASPDH,chr19,51014857,51017947,False,True,False,0.19494751236972702,Oligo,PVALB,9.22916666666667,Oligo,4.73419689119171
rs2387414,TRUE,rs2387414,8.711e-10,0.6219,Oligo,chr19:50530814-50531981,1.43989376844628,LRRC4B,protein_coding,intron_variant,90321,SYT3,chr19,51124564,51143138,False,True,False,0.19494751236972702,Oligo,L5/6 NP,18.0538922155689,Oligo,2.97253886010363
rs356183,TRUE,rs356183,3.06e-8,0.6199,L2.3.IT,chr4:89703735-89705269,1.44648847363547,RP11-115D19.1,antisense,"intron_variant,non_coding_transcript_variant",0,SNCA,chr4,90621496,90759466,False,True,True,0.42544313834865666,IT,L6 CT,727.893772893773,IT,557.521575198995
rs356183,TRUE,rs356183,3.06e-8,0.6199,L2.3.IT,chr4:89703735-89705269,1.44648847363547,RP11-115D19.1,antisense,"intron_variant,non_coding_transcript_variant",422447,CCSER1,chr4,91048545,92526446,False,True,False,0.17072410324761067,IT,L5 ET,3818.36923076923,IT,2853.27733556766
rs356183,TRUE,rs356183,3.06e-8,0.6199,L2.3.IT,chr4:89703735-89705269,1.44648847363547,RP11-115D19.1,antisense,"intron_variant,non_coding_transcript_variant",397147,GPRIN3,chr4,90157534,90228951,False,True,False,0.17072410324761067,IT,Microglia,180.897333333333,IT,37.8269794721408
rs7112715,FALSE,rs2514218,4.133e-7,0.499,L5.IT,chr11:113531532-113533155,1.23040230321994,-,enhancer,regulatory_region_variant,56362,DRD2,chr11,113280327,113346413,False,True,True,0.4236784021662252,IT,Pericyte,15.375,IT,1.64264767490574
rs7112715,FALSE,rs2514218,4.133e-7,0.499,L5.IT,chr11:113531532-113533155,1.23040230321994,-,enhancer,regulatory_region_variant,253617,NCAM1,chr11,112831969,113149158,True,True,False,0.39388628619134025,IT,Oligodendrocyte,1357.89792746114,IT,756.017176372015
rs7112715,FALSE,rs2514218,4.133e-7,0.499,L5.IT,chr11:113531532-113533155,1.23040230321994,-,enhancer,regulatory_region_variant,372743,HTR3B,chr11,113775518,113819801,False,True,False,0.1694351761521695,IT,IT,17.5869291998324,IT,17.5869291998324
rs7112715,FALSE,rs2514218,4.133e-7,0.499,L5.IT,chr11:113531532-113533155,1.23040230321994,-,enhancer,regulatory_region_variant,155494,TMPRSS5,chr11,113558269,113577095,False,True,False,0.1694351761521695,IT,Astrocyte,66.9199663016007,IT,9.84541265186427
rs7238071,TRUE,rs7238071,7.005e-14,0.4242,Micro.PVM,chr18:79819383-79820616,3.46146526137287,RP11-154H12.3,lincRNA,downstream_gene_variant,0,KCNG2,chr18,77557938,77660184,False,True,False,0.17569883309090553,Micro.PVM,L5 ET,89.3538461538461,Micro.PVM,50.9973333333333
rs758749,TRUE,rs758749,3.989e-8,0.3461,VIP,chr19:56678207-56678789,3.00454932773749,AC007228.5,lincRNA,"intron_variant,non_coding_transcript_variant",131727,PEG3,chr19,57321445,57352096,False,True,False,0.19494751236972702,VIP,SST,575.34188034188,VIP,471.574695121951
rs758749,TRUE,rs758749,3.989e-8,0.3461,VIP,chr19:56678207-56678789,3.00454932773749,AC007228.5,lincRNA,"intron_variant,non_coding_transcript_variant",21103,SMIM17,chr19,57154527,57168615,False,True,False,0.19494751236972702,VIP,VIP,107.411585365854,VIP,107.411585365854
rs758749,TRUE,rs758749,3.989e-8,0.3461,VIP,chr19:56678207-56678789,3.00454932773749,AC007228.5,lincRNA,"intron_variant,non_coding_transcript_variant",96197,ZIM2,chr19,57285915,57352099,False,True,False,0.19494751236972702,VIP,PAX6,14.969696969697,VIP,7.11585365853659
rs4547694,FALSE,rs2710323,1.0660000000000001e-08,0.3277,Oligo,chr3:50259343-50261173,1.84617158182432,GNAI2,protein_coding,downstream_gene_variant,415028,DOCK3,chr3,50712358,51421629,True,True,False,0.4118978048819291,Oligo,L4 IT,2285,Oligo,1111.68911917098
rs4547694,FALSE,rs2710323,1.0660000000000001e-08,0.3277,Oligo,chr3:50259343-50261173,1.84617158182432,GNAI2,protein_coding,downstream_gene_variant,389962,CAMKV,chr3,49895421,49907368,True,True,False,0.4118978048819291,Oligo,LAMP5,213.15313225058,Oligo,6.06943005181347
rs4547694,FALSE,rs2710323,1.0660000000000001e-08,0.3277,Oligo,chr3:50259343-50261173,1.84617158182432,GNAI2,protein_coding,downstream_gene_variant,87431,NPRL2,chr3,50384761,50388257,False,False,True,0.22561719004285066,Oligo,PVALB,87.3148148148148,Oligo,31.8025906735751
rs4547694,FALSE,rs2710323,1.0660000000000001e-08,0.3277,Oligo,chr3:50259343-50261173,1.84617158182432,GNAI2,protein_coding,downstream_gene_variant,140876,RBM5,chr3,50126352,50156454,True,False,False,0.21724237190897838,Oligo,Microglia,318.978666666667,Oligo,259.253886010363
rs4547694,FALSE,rs2710323,1.0660000000000001e-08,0.3277,Oligo,chr3:50259343-50261173,1.84617158182432,GNAI2,protein_coding,downstream_gene_variant,159852,RBM6,chr3,49977440,50137478,True,False,False,0.21724237190897838,Oligo,Astrocyte,364.16849199663,Oligo,200.522279792746
rs4547694,FALSE,rs2710323,1.0660000000000001e-08,0.3277,Oligo,chr3:50259343-50261173,1.84617158182432,GNAI2,protein_coding,downstream_gene_variant,102714,CACNA2D2,chr3,50400044,50541675,True,False,False,0.21724237190897838,Oligo,SST,52.1396011396011,Oligo,1.90414507772021
rs7927176,FALSE,rs77502336,5.567e-11,0.3066,OPC,chr11:123524995-123528329,1.00589974421057,GRAMD1B,protein_coding,upstream_gene_variant,0,GRAMD1B,chr11,123229136,123498482,True,True,False,0.39388628619134025,OPC,L4 IT,278,OPC,194.680465717982
rs7927176,FALSE,rs77502336,5.567e-11,0.3066,OPC,chr11:123524995-123528329,1.00589974421057,GRAMD1B,protein_coding,upstream_gene_variant,461926,HSPA8,chr11,122928197,122933938,True,False,False,0.2260963979377636,OPC,LAMP5,1044.79582366589,OPC,180.287192755498
rs7927176,FALSE,rs77502336,5.567e-11,0.3066,OPC,chr11:123524995-123528329,1.00589974421057,GRAMD1B,protein_coding,upstream_gene_variant,104031,SCN3B,chr11,123499895,123525952,False,True,False,0.1694351761521695,OPC,L6b,560.780185758514,OPC,11.2367399741268
rs514209,FALSE,rs500102,3.924e-8,0.2913,Astro,chr9:74727673-74730369,3.12048950256258,TRPM6,protein_coding,intron_variant,34722,RORB,chr9,77112251,77308093,True,True,True,0.6956317117572076,Astro,L4 IT,2515,Astro,515.293176074136
rs514209,FALSE,rs500102,3.924e-8,0.2913,L2.3.IT,chr9:74727673-74730369,1.26856238484864,TRPM6,protein_coding,intron_variant,34722,RORB,chr9,77112251,77308093,True,True,True,0.6956317117572076,IT,L4 IT,2515,IT,308.570590699623
rs514209,FALSE,rs500102,3.924e-8,0.2913,L5.IT,chr9:74727673-74730369,1.21823527301973,TRPM6,protein_coding,intron_variant,34722,RORB,chr9,77112251,77308093,True,True,True,0.6956317117572076,IT,L4 IT,2515,IT,308.570590699623
rs2304205,TRUE,rs2304205,1.971e-14,0.2716,Oligo,chr19:49664206-49666291,1.38746373805255,IRF3,protein_coding,5_prime_UTR_variant,39231,PRR12,chr19,50094439,50129696,True,False,True,0.4889028874492163,Oligo,VLMC,29.5454545454545,Oligo,5.67927461139896
rs2304205,TRUE,rs2304205,1.971e-14,0.2716,Oligo,chr19:49664206-49666291,1.38746373805255,IRF3,protein_coding,5_prime_UTR_variant,223310,SLC17A7,chr19,49932658,49945617,True,True,False,0.3912662225125984,Oligo,L5/6 IT Car3,305.615384615385,Oligo,29.9284974093264
rs2304205,TRUE,rs2304205,1.971e-14,0.2716,Oligo,chr19:49664206-49666291,1.38746373805255,IRF3,protein_coding,5_prime_UTR_variant,10116,PRMT1,chr19,50179043,50192286,True,False,False,0.20738755852874613,Oligo,Pericyte,75.21875,Oligo,20.5896373056995
rs2304205,TRUE,rs2304205,1.971e-14,0.2716,Oligo,chr19:49664206-49666291,1.38746373805255,IRF3,protein_coding,5_prime_UTR_variant,101331,AP2A1,chr19,50270258,50310371,True,False,False,0.20738755852874613,Oligo,Endothelial,38.4428571428571,Oligo,16.9637305699482
rs2304205,TRUE,rs2304205,1.971e-14,0.2716,Oligo,chr19:49664206-49666291,1.38746373805255,IRF3,protein_coding,5_prime_UTR_variant,7028,SCAF1,chr19,50145466,50161899,True,False,False,0.20738755852874613,Oligo,Oligodendrocyte,7.08963730569948,Oligo,7.08963730569948
rs2304205,TRUE,rs2304205,1.971e-14,0.2716,Oligo,chr19:49664206-49666291,1.38746373805255,IRF3,protein_coding,5_prime_UTR_variant,25228,CPT1C,chr19,50194155,50216988,False,True,False,0.19494751236972702,Oligo,L4 IT,149,Oligo,32.940932642487
rs500102,TRUE,rs500102,4.232e-8,0.2708,Astro,chr9:74742408-74743837,2.63315828741457,TRPM6,protein_coding,intron_variant,50652,RORB,chr9,77112251,77308093,True,True,True,0.6956317117572076,Astro,L4 IT,2515,Astro,515.293176074136
rs500102,TRUE,rs500102,4.232e-8,0.2708,L5.IT,chr9:74742408-74743837,1.1542181127722,TRPM6,protein_coding,intron_variant,50652,RORB,chr9,77112251,77308093,True,True,True,0.6956317117572076,IT,L4 IT,2515,IT,308.570590699623
rs2304206,FALSE,rs2304205,2.15e-14,0.2495,Oligo,chr19:49664206-49666291,1.38746373805255,BCL2L12,protein_coding,5_prime_UTR_variant,39175,PRR12,chr19,50094439,50129696,True,False,True,0.4889028874492163,Oligo,VLMC,29.5454545454545,Oligo,5.67927461139896
rs2304206,FALSE,rs2304205,2.15e-14,0.2495,Oligo,chr19:49664206-49666291,1.38746373805255,BCL2L12,protein_coding,5_prime_UTR_variant,223254,SLC17A7,chr19,49932658,49945617,True,True,False,0.3912662225125984,Oligo,L5/6 IT Car3,305.615384615385,Oligo,29.9284974093264
rs2304206,FALSE,rs2304205,2.15e-14,0.2495,Oligo,chr19:49664206-49666291,1.38746373805255,BCL2L12,protein_coding,5_prime_UTR_variant,10172,PRMT1,chr19,50179043,50192286,True,False,False,0.20738755852874613,Oligo,Pericyte,75.21875,Oligo,20.5896373056995
rs2304206,FALSE,rs2304205,2.15e-14,0.2495,Oligo,chr19:49664206-49666291,1.38746373805255,BCL2L12,protein_coding,5_prime_UTR_variant,101387,AP2A1,chr19,50270258,50310371,True,False,False,0.20738755852874613,Oligo,Endothelial,38.4428571428571,Oligo,16.9637305699482
rs2304206,FALSE,rs2304205,2.15e-14,0.2495,Oligo,chr19:49664206-49666291,1.38746373805255,BCL2L12,protein_coding,5_prime_UTR_variant,6972,SCAF1,chr19,50145466,50161899,True,False,False,0.20738755852874613,Oligo,Oligodendrocyte,7.08963730569948,Oligo,7.08963730569948
rs2304206,FALSE,rs2304205,2.15e-14,0.2495,Oligo,chr19:49664206-49666291,1.38746373805255,BCL2L12,protein_coding,5_prime_UTR_variant,25284,CPT1C,chr19,50194155,50216988,False,True,False,0.19494751236972702,Oligo,L4 IT,149,Oligo,32.940932642487
rs514348,FALSE,rs500102,4.886e-8,0.2357,Astro,chr9:74727673-74730369,3.12048950256258,TRPM6,protein_coding,intron_variant,34770,RORB,chr9,77112251,77308093,True,True,True,0.6956317117572076,Astro,L4 IT,2515,Astro,515.293176074136
rs514348,FALSE,rs500102,4.886e-8,0.2357,L2.3.IT,chr9:74727673-74730369,1.26856238484864,TRPM6,protein_coding,intron_variant,34770,RORB,chr9,77112251,77308093,True,True,True,0.6956317117572076,IT,L4 IT,2515,IT,308.570590699623
rs514348,FALSE,rs500102,4.886e-8,0.2357,L5.IT,chr9:74727673-74730369,1.21823527301973,TRPM6,protein_coding,intron_variant,34770,RORB,chr9,77112251,77308093,True,True,True,0.6956317117572076,IT,L4 IT,2515,IT,308.570590699623
rs356181,FALSE,rs356183,8.791e-8,0.2235,L2.3.IT,chr4:89703735-89705269,1.44648847363547,RP11-115D19.1,antisense,"intron_variant,non_coding_transcript_variant",0,SNCA,chr4,90621496,90759466,False,True,True,0.42544313834865666,IT,L6 CT,727.893772893773,IT,557.521575198995
rs356181,FALSE,rs356183,8.791e-8,0.2235,L2.3.IT,chr4:89703735-89705269,1.44648847363547,RP11-115D19.1,antisense,"intron_variant,non_coding_transcript_variant",422406,CCSER1,chr4,91048545,92526446,False,True,False,0.17072410324761067,IT,L5 ET,3818.36923076923,IT,2853.27733556766
rs356181,FALSE,rs356183,8.791e-8,0.2235,L2.3.IT,chr4:89703735-89705269,1.44648847363547,RP11-115D19.1,antisense,"intron_variant,non_coding_transcript_variant",397188,GPRIN3,chr4,90157534,90228951,False,True,False,0.17072410324761067,IT,Microglia,180.897333333333,IT,37.8269794721408
rs72749142,FALSE,rs12126806,8.017e-8,0.2148,VIP,chr1:200982066-200982470,2.33575523621286,KIF21B,protein_coding,intron_variant,121475,CAMSAP2,chr1,200708021,200829832,True,False,False,0.21161874440619363,VIP,Pericyte,636.09375,VIP,272.631097560976
rs72749142,FALSE,rs12126806,8.017e-8,0.2148,VIP,chr1:200982066-200982470,2.33575523621286,KIF21B,protein_coding,intron_variant,0,KIF21B,chr1,200938518,200992842,False,True,False,0.17679031224038508,VIP,L4 IT,109,VIP,35.6112804878049
rs431982,FALSE,rs252812,1.459e-8,0.2074,L2.3.IT,chr5:107396304-107397174,1.7510820140933,EFNA5,protein_coding,intron_variant,462592,FBXL17,chr5,107194736,107717799,True,False,False,0.19588246972726464,IT,L4 IT,2294,IT,840.748638458316
rs6729836,FALSE,rs6430492,5.887e-10,0.1953,PVALB,chr2:134086333-134087253,1.49793176119136,-,promoter_flanking_region,regulatory_region_variant,33147,MGAT5,chr2,134877554,135212192,True,False,False,0.20279412196867785,PVALB,L5/6 IT Car3,615.676923076923,PVALB,191.368055555556
rs6729836,FALSE,rs6430492,5.887e-10,0.1953,PVALB,chr2:134086333-134087253,1.49793176119136,-,promoter_flanking_region,regulatory_region_variant,368923,TMEM163,chr2,135213330,135476570,False,True,False,0.17567234843318494,PVALB,OPC,357.624838292367,PVALB,11.2731481481481
rs16851037,FALSE,rs16851048,3.958e-12,0.1792,LAMP5,chr1:177302037-177303163,1.47459110831383,-,enhancer,regulatory_region_variant,137204,ASTN1,chr1,176826438,177134109,True,True,False,0.3898977023687237,LAMP5,L4 IT,2889,LAMP5,539.598607888631
rs16851037,FALSE,rs16851048,3.958e-12,0.1792,SST,chr1:177302037-177303163,1.21566224985596,-,enhancer,regulatory_region_variant,137204,ASTN1,chr1,176826438,177134109,True,True,False,0.3898977023687237,SST,L4 IT,2889,SST,400.928774928775
rs16851037,FALSE,rs16851048,3.958e-12,0.1792,LAMP5,chr1:177302037-177303163,1.47459110831383,-,enhancer,regulatory_region_variant,19755,BRINP2,chr1,177140094,177251558,True,True,False,0.3898977023687237,LAMP5,L6b,360.578947368421,LAMP5,342.631090487239
rs16851037,FALSE,rs16851048,3.958e-12,0.1792,SST,chr1:177302037-177303163,1.21566224985596,-,enhancer,regulatory_region_variant,19755,BRINP2,chr1,177140094,177251558,True,True,False,0.3898977023687237,SST,L6b,360.578947368421,SST,150.350427350427
rs28676999,FALSE,rs56205728,1.979e-9,0.178,Micro.PVM,chr15:40277625-40277938,4.31651721851051,PAK6,protein_coding,downstream_gene_variant,417088,RAD51,chr15,40986972,41024538,False,False,True,0.24679359551321875,Micro.PVM,PAX6,5.42424242424242,Micro.PVM,2.63066666666667
rs28676999,FALSE,rs56205728,1.979e-9,0.178,Micro.PVM,chr15:40277625-40277938,4.31651721851051,PAK6,protein_coding,downstream_gene_variant,80536,DISP2,chr15,40650420,40670822,False,True,False,0.17787882099946015,Micro.PVM,VIP,22.75,Micro.PVM,4.66133333333333
rs28676999,FALSE,rs56205728,1.979e-9,0.178,Micro.PVM,chr15:40277625-40277938,4.31651721851051,PAK6,protein_coding,downstream_gene_variant,357417,GPR176,chr15,40091209,40212467,False,True,False,0.17787882099946015,Micro.PVM,PVALB,148,Micro.PVM,2.408
rs55930529,FALSE,rs11136325,3.935e-9,0.1547,Oligo,chr8:143822932-143824394,1.83647682927294,PUF60,protein_coding,intron_variant,0,PUF60,chr8,144898514,144911522,True,False,True,0.4551963675975282,Oligo,Pericyte,58.125,Oligo,57.8145077720207
rs55930529,FALSE,rs11136325,3.935e-9,0.1547,Astro,chr8:143822932-143824394,1.03467039213115,PUF60,protein_coding,intron_variant,0,PUF60,chr8,144898514,144911522,True,False,True,0.4551963675975282,Astro,Pericyte,58.125,Astro,44.2476832350463
rs55930529,FALSE,rs11136325,3.935e-9,0.1547,Astro,chr8:143822932-143824394,1.03467039213115,PUF60,protein_coding,intron_variant,7798,SCRIB,chr8,144873090,144897943,False,False,True,0.2277142343427917,Astro,Astrocyte,28.6529064869419,Astro,28.6529064869419
rs55930529,FALSE,rs11136325,3.935e-9,0.1547,Oligo,chr8:143822932-143824394,1.83647682927294,PUF60,protein_coding,intron_variant,7798,SCRIB,chr8,144873090,144897943,False,False,True,0.2277142343427917,Oligo,Astrocyte,28.6529064869419,Oligo,17.4466321243523
rs55930529,FALSE,rs11136325,3.935e-9,0.1547,Astro,chr8:143822932-143824394,1.03467039213115,PUF60,protein_coding,intron_variant,10012,NRBP2,chr8,144915753,144923145,False,True,False,0.17728875664264845,Astro,L4 IT,410,Astro,318.099410278012
rs55930529,FALSE,rs11136325,3.935e-9,0.1547,Oligo,chr8:143822932-143824394,1.83647682927294,PUF60,protein_coding,intron_variant,10012,NRBP2,chr8,144915753,144923145,False,True,False,0.17728875664264845,Oligo,L4 IT,410,Oligo,274.319689119171
rs3800228,FALSE,rs2153960,2.637e-9,0.1472,PVALB,chr6:108675480-108675865,2.24195271816677,FOXO3,protein_coding,intron_variant,414298,SNX3,chr6,108532426,108582450,False,False,True,0.247751129710666,PVALB,L4 IT,324,PVALB,136.826388888889
rs2357928,FALSE,rs6482437,3.847e-7,0.1382,VIP,chr10:18260249-18262292,1.10219344591517,CACNB2,protein_coding,intron_variant,0,CACNB2,chr10,18429353,18832486,False,False,True,0.2375790681752554,VIP,Astrocyte,1775.74220724516,VIP,644.852134146341
rs7927437,FALSE,rs77502336,1.298e-10,0.1343,OPC,chr11:123524995-123528329,1.00589974421057,GRAMD1B,protein_coding,upstream_gene_variant,0,GRAMD1B,chr11,123229136,123498482,True,True,False,0.39388628619134025,OPC,L4 IT,278,OPC,194.680465717982
rs7927437,FALSE,rs77502336,1.298e-10,0.1343,OPC,chr11:123524995-123528329,1.00589974421057,GRAMD1B,protein_coding,upstream_gene_variant,462049,HSPA8,chr11,122928197,122933938,True,False,False,0.2260963979377636,OPC,LAMP5,1044.79582366589,OPC,180.287192755498
rs7927437,FALSE,rs77502336,1.298e-10,0.1343,OPC,chr11:123524995-123528329,1.00589974421057,GRAMD1B,protein_coding,upstream_gene_variant,103908,SCN3B,chr11,123499895,123525952,False,True,False,0.1694351761521695,OPC,L6b,560.780185758514,OPC,11.2367399741268
rs770525,FALSE,rs115325222,3.146e-7,0.1273,Micro.PVM,chr5:88827196-88827759,4.00812759107652,MEF2C,protein_coding,intron_variant,0,MEF2C,chr5,88012934,88200074,False,False,True,0.24990917112601047,Micro.PVM,Microglia,4175.256,Micro.PVM,4175.256
rs42740,FALSE,rs39967,2.693e-8,0.1237,L2.3.IT,chr5:58450201-58450627,1.88960187817473,PLK2,protein_coding,downstream_gene_variant,3661,PLK2,chr5,57749809,57755966,True,False,False,0.19588246972726464,IT,L5/6 NP,251.149700598802,IT,154.805613741098
rs42740,FALSE,rs39967,2.693e-8,0.1237,L2.3.IT,chr5:58450201-58450627,1.88960187817473,PLK2,protein_coding,downstream_gene_variant,131900,RAB3C,chr5,57878048,58155221,False,True,False,0.18195635193630075,IT,LAMP5,1523.6403712297,IT,324.777963971512
rs12743377,FALSE,rs61833239,2.701e-7,0.1179,Micro.PVM,chr1:243451998-243452532,3.33901663639792,SDCCAG8,protein_coding,intron_variant,35749,AKT3,chr1,243651535,244014381,True,False,True,0.4804484139783801,Micro.PVM,L4 IT,2344,Micro.PVM,680.213333333333
rs12743377,FALSE,rs61833239,2.701e-7,0.1179,Micro.PVM,chr1:243451998-243452532,3.33901663639792,SDCCAG8,protein_coding,intron_variant,197136,CEP170,chr1,243287730,243418650,True,False,False,0.21161874440619363,Micro.PVM,Microglia,439.357333333333,Micro.PVM,439.357333333333
rs12122721,FALSE,rs12126806,1.022e-7,0.1135,Astro,chr1:201014002-201016721,1.08366442027892,KIF21B,protein_coding,intron_variant,24160,CACNA1S,chr1,201008640,201081579,False,False,True,0.23708089352715983,Astro,Astrocyte,10.5619208087616,Astro,10.5619208087616
rs12122721,FALSE,rs12126806,1.022e-7,0.1135,Astro,chr1:201014002-201016721,1.08366442027892,KIF21B,protein_coding,intron_variant,154648,CAMSAP2,chr1,200708021,200829832,True,False,False,0.21161874440619363,Astro,Pericyte,636.09375,Astro,177.031171019377
rs12122721,FALSE,rs12126806,1.022e-7,0.1135,Astro,chr1:201014002-201016721,1.08366442027892,KIF21B,protein_coding,intron_variant,0,KIF21B,chr1,200938518,200992842,False,True,False,0.17679031224038508,Astro,L4 IT,109,Astro,61.150800336984
rs12743378,FALSE,rs61833239,2.821e-7,0.1116,Micro.PVM,chr1:243451998-243452532,3.33901663639792,SDCCAG8,protein_coding,intron_variant,35746,AKT3,chr1,243651535,244014381,True,False,True,0.4804484139783801,Micro.PVM,L4 IT,2344,Micro.PVM,680.213333333333
rs12743378,FALSE,rs61833239,2.821e-7,0.1116,Micro.PVM,chr1:243451998-243452532,3.33901663639792,SDCCAG8,protein_coding,intron_variant,197139,CEP170,chr1,243287730,243418650,True,False,False,0.21161874440619363,Micro.PVM,Microglia,439.357333333333,Micro.PVM,439.357333333333
rs34510678,FALSE,rs9687282,1.954e-8,0.1099,VIP,chr5:139685117-139685471,1.27763390591898,CXXC5,protein_coding,downstream_gene_variant,161529,NRG2,chr5,139226364,139422884,True,True,False,0.378403955734824,VIP,OPC,198.055627425614,VIP,122.513719512195
rs34510678,FALSE,rs9687282,1.954e-8,0.1099,VIP,chr5:139685117-139685471,1.27763390591898,CXXC5,protein_coding,downstream_gene_variant,422527,PURA,chr5,139487362,139505204,False,False,True,0.24990917112601047,VIP,L4 IT,174,VIP,78.9192073170732
rs34510678,FALSE,rs9687282,1.954e-8,0.1099,VIP,chr5:139685117-139685471,1.27763390591898,CXXC5,protein_coding,downstream_gene_variant,397469,MATR3,chr5,138609441,138667366,True,False,False,0.19588246972726464,VIP,L4 IT,754,VIP,523.564024390244
rs34510678,FALSE,rs9687282,1.954e-8,0.1099,VIP,chr5:139685117-139685471,1.27763390591898,CXXC5,protein_coding,downstream_gene_variant,110558,PSD2,chr5,139175393,139224051,False,True,False,0.18195635193630075,VIP,Astrocyte,489.028643639427,VIP,45.6143292682927
rs34510678,FALSE,rs9687282,1.954e-8,0.1099,VIP,chr5:139685117-139685471,1.27763390591898,CXXC5,protein_coding,downstream_gene_variant,1368,CXXC5,chr5,139026884,139063467,False,True,False,0.18195635193630075,VIP,Pericyte,80.25,VIP,29.8384146341463
rs56125221,FALSE,rs2119242,4.961e-8,0.1094,L2.3.IT,chr10:21044169-21044996,1.52930400211112,NEBL,protein_coding,intron_variant,480318,MLLT10,chr10,21813575,22032559,True,False,False,0.2093676305034235,IT,L4 IT,442,IT,241.853372434018
rs56125221,FALSE,rs2119242,4.961e-8,0.1094,L2.3.IT,chr10:21044169-21044996,1.52930400211112,NEBL,protein_coding,intron_variant,469147,SKIDA1,chr10,21802404,21815297,True,False,False,0.2093676305034235,IT,Astrocyte,18.9039595619208,IT,4.10682865521575
rs10238960,TRUE,rs10238960,9.552e-9,0.1036,Micro.PVM,chr7:71307643-71308775,2.27661517280712,WBSCR17,protein_coding,intron_variant,471205,CALN1,chr7,71244476,71912136,False,True,False,0.17453205706539987,Micro.PVM,L4 IT,1432,Micro.PVM,22.2293333333333
